"Header"	"Sequence"	"Scores"
"WAD"	"AWDAWDAWDAWDAWDWD"	"; 0.053000; 0.054000; 0.059000; 0.063000; 0.061000; 0.057000; 0.058000; 0.057000; 0.056000; 0.056000; 0.055000; 0.055000; 0.055000; 0.055000; 0.056000; 0.056000; 0.055000"
